{"accuracy": [0.6616071462631226, 0.8294642567634583, 0.9008928537368774, 0.9160714149475098, 0.9437500238418579, 0.9491071701049805, 0.9598214030265808, 0.9732142686843872, 0.9785714149475098, 0.9785714149475098], "loss": [0.7705081105232239, 0.3413524925708771, 0.22993344068527222, 0.20158879458904266, 0.1471407562494278, 0.12967799603939056, 0.09705587476491928, 0.0638650581240654, 0.05713996663689613, 0.04996776953339577], "val_accuracy": [0.9133333563804626, 0.9407142996788025, 0.9435714483261108, 0.9316666722297668, 0.9545238018035889, 0.8721428513526917, 0.9516666531562805, 0.9766666889190674, 0.9685714244842529, 0.9314285516738892], "val_loss": [0.33270254731178284, 0.21560491621494293, 0.13716813921928406, 0.18961985409259796, 0.10171632468700409, 0.3071272075176239, 0.13746728003025055, 0.06949762254953384, 0.1148994192481041, 0.21643681824207306]}